period,Variable,Biome,Tg_N_yr,share_pct
Present day,N Deposition,Barren,0.032658998013801434,1.9621266789015173
Present day,N Deposition,Taiga,0.9426632885461408,56.63446217473619
Present day,N Deposition,Tundra,0.6382487098042017,38.34547590076321
Present day,N Deposition,Wetlands,0.05089839620766196,3.057935245599068
Present day,N Fixation,Barren,0.045022065499070556,1.4931588980719948
Present day,N Fixation,Taiga,1.7034198056031982,56.49399714770952
Present day,N Fixation,Tundra,1.1926819387567789,39.55535201869419
Present day,N Fixation,Wetlands,0.07409885379745959,2.457491935524298
Present day,Total inorg. due to permafrost thaw,Barren,0.08788431810185338,1.86239611961324
Present day,Total inorg. due to permafrost thaw,Taiga,2.191754091712836,46.4464469169767
Present day,Total inorg. due to permafrost thaw,Tundra,2.09602435250103,44.41779494936367
Present day,Total inorg. due to permafrost thaw,Wetlands,0.3432215382005495,7.273362014046401
SSP1-2.6 2080-2099,N Deposition,Barren,0.01619369861722913,2.1465122649756867
SSP1-2.6 2080-2099,N Deposition,Taiga,0.4208644982018612,55.78656418379796
SSP1-2.6 2080-2099,N Deposition,Tundra,0.2918837942790925,38.68987309058102
SSP1-2.6 2080-2099,N Deposition,Wetlands,0.025477113859158365,3.3770504606453433
SSP1-2.6 2080-2099,N Fixation,Barren,0.06582784699227784,1.403502360385715
SSP1-2.6 2080-2099,N Fixation,Taiga,2.610564192591914,55.65931704664426
SSP1-2.6 2080-2099,N Fixation,Tundra,1.875207004277894,39.98091350343859
SSP1-2.6 2080-2099,N Fixation,Wetlands,0.13865648048108734,2.9562670895314365
SSP1-2.6 2080-2099,Total inorg. due to permafrost thaw,Barren,0.08620181662099659,0.9726805536018407
SSP1-2.6 2080-2099,Total inorg. due to permafrost thaw,Taiga,4.212175317963932,47.52917259457402
SSP1-2.6 2080-2099,Total inorg. due to permafrost thaw,Tundra,3.539866586609407,39.9430026663873
SSP1-2.6 2080-2099,Total inorg. due to permafrost thaw,Wetlands,1.0240509244414666,11.55514418543685
SSP3-7.0 2080-2099,N Deposition,Barren,0.03161179856005648,1.8078673554620894
SSP3-7.0 2080-2099,N Deposition,Taiga,1.0071800946849994,57.60026626744939
SSP3-7.0 2080-2099,N Deposition,Tundra,0.6611529911486073,37.811101048011594
SSP3-7.0 2080-2099,N Deposition,Wetlands,0.04862358577358156,2.7807653290769263
SSP3-7.0 2080-2099,N Fixation,Barren,0.0976324550238347,1.503423675913723
SSP3-7.0 2080-2099,N Fixation,Taiga,3.6688356228733308,56.49570460065638
SSP3-7.0 2080-2099,N Fixation,Tundra,2.4831483730532735,38.23753129984853
SSP3-7.0 2080-2099,N Fixation,Wetlands,0.24439163126879807,3.7633404235813734
SSP3-7.0 2080-2099,Total inorg. due to permafrost thaw,Barren,0.2716548609820592,1.336805783683062
SSP3-7.0 2080-2099,Total inorg. due to permafrost thaw,Taiga,7.410540041831679,36.46705511663845
SSP3-7.0 2080-2099,Total inorg. due to permafrost thaw,Tundra,10.699371405845552,52.65129998189914
SSP3-7.0 2080-2099,Total inorg. due to permafrost thaw,Wetlands,1.9396250190455548,9.54483911777934
SSP5-8.5 2080-2099,N Deposition,Barren,0.03237353041636799,2.195076501216223
SSP5-8.5 2080-2099,N Deposition,Taiga,0.8117423278515005,55.039919526617055
SSP5-8.5 2080-2099,N Deposition,Tundra,0.5876899787131173,39.848124244774745
SSP5-8.5 2080-2099,N Deposition,Wetlands,0.04301886267895039,2.916879727391984
SSP5-8.5 2080-2099,N Fixation,Barren,0.14270339732190537,1.6087978900217415
SSP5-8.5 2080-2099,N Fixation,Taiga,4.7237718171883305,53.254472388585484
SSP5-8.5 2080-2099,N Fixation,Tundra,3.740105928589019,42.164900340800656
SSP5-8.5 2080-2099,N Fixation,Wetlands,0.2636068529812762,2.9718293805921148
SSP5-8.5 2080-2099,Total inorg. due to permafrost thaw,Barren,0.31650609347847447,1.2453684543913819
SSP5-8.5 2080-2099,Total inorg. due to permafrost thaw,Taiga,8.717377017014988,34.300591886599015
SSP5-8.5 2080-2099,Total inorg. due to permafrost thaw,Tundra,14.134561631986386,55.615792352268805
SSP5-8.5 2080-2099,Total inorg. due to permafrost thaw,Wetlands,2.2462100420074154,8.838247306740792
