Type,Variable,SSP,total,sd
Present day,Min. N following permafrost thaw,NA,0.19367632899126486,0.062132279521085326
Present day,N Fixation,NA,0.20507912382026106,0.04180203711856597
Present day,N Deposition,NA,0.12590049932286704,0.007090459526678306
Future anomaly,Min. N following permafrost thaw,SSP1-2.6,0.47158820735491414,0.06681543003509971
Future anomaly,N Fixation,SSP1-2.6,0.164222907301242,0.06055326082661138
Future anomaly,N Deposition,SSP1-2.6,-0.06624160091900137,0.008556965857503197
Future anomaly,Min. N following permafrost thaw,SSP3-7.0,1.200362141371027,0.11424024802209631
Future anomaly,N Fixation,SSP3-7.0,0.3104710657266042,0.09381698456837137
Future anomaly,N Deposition,SSP3-7.0,0.01143534141518135,0.009331593942016035
Future anomaly,Min. N following permafrost thaw,SSP5-8.5,1.5720993105943557,0.15477647921961235
Future anomaly,N Fixation,SSP5-8.5,0.49544168327649385,0.06802570328766472
Future anomaly,N Deposition,SSP5-8.5,-0.009210691084806572,0.008252777659675156
