Type,Variable,fill,value,sd,label_x,hjust
Present day,N Deposition,Present day,1.664469392571806,0.72881118485552,2.393280577427326,-0.3
Present day,N Fixation,Present day,3.015222663656507,1.048277961823478,4.0635006254799855,-0.3
Present day,Total inorg. due to permafrost thaw,Present day,4.718884300516269,1.6956978613004774,6.414582161816746,-0.3
Future anomaly,N Deposition,SSP1-2.6,-0.8320778740050974,0.10815424407549744,-0.9402321180805948,1.3
Future anomaly,N Fixation,SSP1-2.6,2.0824637448860353,0.7928475316827429,2.875311276568778,-0.3
Future anomaly,Total inorg. due to permafrost thaw,SSP1-2.6,4.143410345119532,0.3282530481272017,4.471663393246734,-0.3
Future anomaly,N Deposition,SSP3-7.0,0.16207149120480602,0.11771030878010873,0.27978179998491476,-0.3
Future anomaly,N Fixation,SSP3-7.0,3.886216302762098,1.206876851487346,5.093093154249444,-0.3
Future anomaly,Total inorg. due to permafrost thaw,SSP3-7.0,15.602307027188576,0.6806140854854279,16.282921112674003,-0.3
Future anomaly,N Deposition,SSP5-8.5,-0.11167227930250245,0.10344854526002309,-0.21512082456252554,1.3
Future anomaly,N Fixation,SSP5-8.5,6.262396216623393,0.8792835789157423,7.141679795539135,-0.3
Future anomaly,Total inorg. due to permafrost thaw,SSP5-8.5,20.695770483970996,1.7905068540812419,22.48627733805224,-0.3
