panel,Variable,group,value,item,sd,kind,fill_key,name,label,label_x,block,group_order,item_order,row,n_rows,y
Future anomaly,Total inorg. due to permafrost thaw,SSP5-8.5,1,Pan-Arctic,NA,total,SSP5-8.5,SSP5-8.5,SSP5-8.5  1.00,1,1,2,1,1,15,15
Future anomaly,Total inorg. due to permafrost thaw,SSP5-8.5,0.8985134963297368,Taiga,NA,biome,Taiga,Taiga,Taiga  0.90,0.8985134963297368,1,2,2,2,15,14
Future anomaly,Total inorg. due to permafrost thaw,SSP5-8.5,1.0190443966229261,Tundra,NA,biome,Tundra,Tundra,Tundra  1.02,1.0190443966229261,1,2,3,3,15,13
Future anomaly,Total inorg. due to permafrost thaw,SSP5-8.5,3.938198705488965,Wetlands,NA,biome,Wetlands,Wetlands,Wetlands  3.94,3.938198705488965,1,2,4,4,15,12
Future anomaly,Total inorg. due to permafrost thaw,SSP5-8.5,0.20119584324833922,Barren,NA,biome,Barren,Barren,Barren  0.20,0.20119584324833922,1,2,5,5,15,11
Future anomaly,Total inorg. due to permafrost thaw,SSP3-7.0,1,Pan-Arctic,NA,total,SSP3-7.0,SSP3-7.0,SSP3-7.0  1.00,1,1,3,1,6,15,10
Future anomaly,Total inorg. due to permafrost thaw,SSP3-7.0,0.9531579926575738,Taiga,NA,biome,Taiga,Taiga,Taiga  0.95,0.9531579926575738,1,3,2,7,15,9
Future anomaly,Total inorg. due to permafrost thaw,SSP3-7.0,0.9660055138016962,Tundra,NA,biome,Tundra,Tundra,Tundra  0.97,0.9660055138016962,1,3,3,8,15,8
Future anomaly,Total inorg. due to permafrost thaw,SSP3-7.0,4.382247541508778,Wetlands,NA,biome,Wetlands,Wetlands,Wetlands  4.38,4.382247541508778,1,3,4,9,15,7
Future anomaly,Total inorg. due to permafrost thaw,SSP3-7.0,0.2145211363172162,Barren,NA,biome,Barren,Barren,Barren  0.21,0.2145211363172162,1,3,5,10,15,6
Future anomaly,Total inorg. due to permafrost thaw,SSP1-2.6,1,Pan-Arctic,NA,total,SSP1-2.6,SSP1-2.6,SSP1-2.6  1.00,1,1,4,1,11,15,5
Future anomaly,Total inorg. due to permafrost thaw,SSP1-2.6,1.3895308897985936,Taiga,NA,biome,Taiga,Taiga,Taiga  1.39,1.3895308897985936,1,4,2,12,15,4
Future anomaly,Total inorg. due to permafrost thaw,SSP1-2.6,0.6104678233148879,Tundra,NA,biome,Tundra,Tundra,Tundra  0.61,0.6104678233148879,1,4,3,13,15,3
Future anomaly,Total inorg. due to permafrost thaw,SSP1-2.6,7.0375810001613655,Wetlands,NA,biome,Wetlands,Wetlands,Wetlands  7.04,7.0375810001613655,1,4,4,14,15,2
Future anomaly,Total inorg. due to permafrost thaw,SSP1-2.6,-0.007395721002537185,Barren,NA,biome,Barren,Barren,Barren  -0.01,0,1,4,5,15,15,1
Future anomaly,N Fixation,SSP5-8.5,1,Pan-Arctic,NA,total,SSP5-8.5,SSP5-8.5,SSP5-8.5  1.00,1,2,2,1,1,15,31.5
Future anomaly,N Fixation,SSP5-8.5,1.4795865548837301,Taiga,NA,biome,Taiga,Taiga,Taiga  1.48,1.4795865548837301,2,2,2,2,15,30.5
Future anomaly,N Fixation,SSP5-8.5,0.7576140486877958,Tundra,NA,biome,Tundra,Tundra,Tundra  0.76,0.7576140486877958,2,2,3,3,15,29.5
Future anomaly,N Fixation,SSP5-8.5,1.3650019171274401,Wetlands,NA,biome,Wetlands,Wetlands,Wetlands  1.37,1.3650019171274401,2,2,4,4,15,28.5
Future anomaly,N Fixation,SSP5-8.5,0.3015008334015336,Barren,NA,biome,Barren,Barren,Barren  0.30,0.3015008334015336,2,2,5,5,15,27.5
Future anomaly,N Fixation,SSP3-7.0,1,Pan-Arctic,NA,total,SSP3-7.0,SSP3-7.0,SSP3-7.0  1.00,1,2,3,1,6,15,26.5
Future anomaly,N Fixation,SSP3-7.0,1.6104658135160144,Taiga,NA,biome,Taiga,Taiga,Taiga  1.61,1.6104658135160144,2,3,2,7,15,25.5
Future anomaly,N Fixation,SSP3-7.0,0.6542959811228286,Tundra,NA,biome,Tundra,Tundra,Tundra  0.65,0.6542959811228286,2,3,3,8,15,24.5
Future anomaly,N Fixation,SSP3-7.0,1.9877774901711918,Wetlands,NA,biome,Wetlands,Wetlands,Wetlands  1.99,1.9877774901711918,2,3,4,9,15,23.5
Future anomaly,N Fixation,SSP3-7.0,0.2748179425149269,Barren,NA,biome,Barren,Barren,Barren  0.27,0.2748179425149269,2,3,5,10,15,22.5
Future anomaly,N Fixation,SSP1-2.6,1,Pan-Arctic,NA,total,SSP1-2.6,SSP1-2.6,SSP1-2.6  1.00,1,2,4,1,11,15,21.5
Future anomaly,N Fixation,SSP1-2.6,1.5567966247142249,Taiga,NA,biome,Taiga,Taiga,Taiga  1.56,1.5567966247142249,2,4,2,12,15,20.5
Future anomaly,N Fixation,SSP1-2.6,0.7096585205979131,Tundra,NA,biome,Tundra,Tundra,Tundra  0.71,0.7096585205979131,2,4,3,13,15,19.5
Future anomaly,N Fixation,SSP1-2.6,1.534171843093147,Wetlands,NA,biome,Wetlands,Wetlands,Wetlands  1.53,1.534171843093147,2,4,4,14,15,18.5
Future anomaly,N Fixation,SSP1-2.6,0.23495338339260236,Barren,NA,biome,Barren,Barren,Barren  0.23,0.23495338339260236,2,4,5,15,15,17.5
Future anomaly,N Deposition,SSP5-8.5,NA,Pan-Arctic,NA,total,SSP5-8.5,SSP5-8.5,SSP5-8.5  n/a,0,3,2,1,1,15,48
Future anomaly,N Deposition,SSP5-8.5,NA,Taiga,NA,biome,Taiga,Taiga,Taiga  n/a,0,3,2,2,2,15,47
Future anomaly,N Deposition,SSP5-8.5,NA,Tundra,NA,biome,Tundra,Tundra,Tundra  n/a,0,3,2,3,3,15,46
Future anomaly,N Deposition,SSP5-8.5,NA,Wetlands,NA,biome,Wetlands,Wetlands,Wetlands  n/a,0,3,2,4,4,15,45
Future anomaly,N Deposition,SSP5-8.5,NA,Barren,NA,biome,Barren,Barren,Barren  n/a,0,3,2,5,5,15,44
Future anomaly,N Deposition,SSP3-7.0,NA,Pan-Arctic,NA,total,SSP3-7.0,SSP3-7.0,SSP3-7.0  n/a,0,3,3,1,6,15,43
Future anomaly,N Deposition,SSP3-7.0,NA,Taiga,NA,biome,Taiga,Taiga,Taiga  n/a,0,3,3,2,7,15,42
Future anomaly,N Deposition,SSP3-7.0,NA,Tundra,NA,biome,Tundra,Tundra,Tundra  n/a,0,3,3,3,8,15,41
Future anomaly,N Deposition,SSP3-7.0,NA,Wetlands,NA,biome,Wetlands,Wetlands,Wetlands  n/a,0,3,3,4,9,15,40
Future anomaly,N Deposition,SSP3-7.0,NA,Barren,NA,biome,Barren,Barren,Barren  n/a,0,3,3,5,10,15,39
Future anomaly,N Deposition,SSP1-2.6,1,Pan-Arctic,NA,total,SSP1-2.6,SSP1-2.6,SSP1-2.6  1.00,1,3,4,1,11,15,38
Future anomaly,N Deposition,SSP1-2.6,1.6363023898119757,Taiga,NA,biome,Taiga,Taiga,Taiga  1.64,1.6363023898119757,3,4,2,12,15,37
Future anomaly,N Deposition,SSP1-2.6,0.6662070944963513,Tundra,NA,biome,Tundra,Tundra,Tundra  0.67,0.6662070944963513,3,4,3,13,15,36
Future anomaly,N Deposition,SSP1-2.6,1.1861697758881107,Wetlands,NA,biome,Wetlands,Wetlands,Wetlands  1.19,1.1861697758881107,3,4,4,14,15,35
Future anomaly,N Deposition,SSP1-2.6,0.32661103254070517,Barren,NA,biome,Barren,Barren,Barren  0.33,0.32661103254070517,3,4,5,15,15,34
Present day,Total inorg. due to permafrost thaw,Present day,1,Pan-Arctic,NA,total,Present day,Pan-Arctic,Pan-Arctic  1.00,1,1,1,1,1,5,5
Present day,Total inorg. due to permafrost thaw,Present day,1.3235389484330267,Taiga,NA,biome,Taiga,Taiga,Taiga  1.32,1.3235389484330267,1,1,2,2,5,4
Present day,Total inorg. due to permafrost thaw,Present day,0.7781404246158884,Tundra,NA,biome,Tundra,Tundra,Tundra  0.78,0.7781404246158884,1,1,3,3,5,3
Present day,Total inorg. due to permafrost thaw,Present day,3.115144981503272,Wetlands,NA,biome,Wetlands,Wetlands,Wetlands  3.12,3.115144981503272,1,1,4,4,5,2
Present day,Total inorg. due to permafrost thaw,Present day,0.33919939454860754,Barren,NA,biome,Barren,Barren,Barren  0.34,0.33919939454860754,1,1,5,5,5,1
Present day,N Fixation,Present day,1,Pan-Arctic,NA,total,Present day,Pan-Arctic,Pan-Arctic  1.00,1,2,1,1,1,5,11.5
Present day,N Fixation,Present day,1.6103844814371586,Taiga,NA,biome,Taiga,Taiga,Taiga  1.61,1.6103844814371586,2,1,2,2,5,10.5
Present day,N Fixation,Present day,0.692869417027572,Tundra,NA,biome,Tundra,Tundra,Tundra  0.69,0.692869417027572,2,1,3,3,5,9.5
Present day,N Fixation,Present day,1.0528783729566784,Wetlands,NA,biome,Wetlands,Wetlands,Wetlands  1.05,1.0528783729566784,2,1,4,4,5,8.5
Present day,N Fixation,Present day,0.27169679781743705,Barren,NA,biome,Barren,Barren,Barren  0.27,0.27169679781743705,2,1,5,5,5,7.5
Present day,N Deposition,Present day,1,Pan-Arctic,NA,total,Present day,Pan-Arctic,Pan-Arctic  1.00,1,3,1,1,1,5,18
Present day,N Deposition,Present day,1.6143884944496736,Taiga,NA,biome,Taiga,Taiga,Taiga  1.61,1.6143884944496736,3,1,2,2,5,17
Present day,N Deposition,Present day,0.671676680325084,Tundra,NA,biome,Tundra,Tundra,Tundra  0.67,0.671676680325084,3,1,3,3,5,16
Present day,N Deposition,Present day,1.3101299904393497,Wetlands,NA,biome,Wetlands,Wetlands,Wetlands  1.31,1.3101299904393497,3,1,4,4,5,15
Present day,N Deposition,Present day,0.3570306792251392,Barren,NA,biome,Barren,Barren,Barren  0.36,0.3570306792251392,3,1,5,5,5,14
