panel,Variable,group,item,value,sd,kind,fill_key,name,label,label_x,block,group_order,item_order,row,n_rows,y
Future anomaly,Total inorg. due to permafrost thaw,SSP5-8.5,Pan-Arctic,1.6633911879139358,0.14390927485811456,total,SSP5-8.5,SSP5-8.5,SSP5-8.5  1.66,1.8073004627720504,1,2,1,1,15,15
Future anomaly,Total inorg. due to permafrost thaw,SSP5-8.5,Taiga,0.5244870529465798,NA,biome,Taiga,Taiga,Taiga  0.52,0.5244870529465798,1,2,2,2,15,14
Future anomaly,Total inorg. due to permafrost thaw,SSP5-8.5,Tundra,0.967579189263752,NA,biome,Tundra,Tundra,Tundra  0.97,0.967579189263752,1,2,3,3,15,13
Future anomaly,Total inorg. due to permafrost thaw,SSP5-8.5,Wetlands,0.15294981698726798,NA,biome,Wetlands,Wetlands,Wetlands  0.15,0.15294981698726798,1,2,4,4,15,12
Future anomaly,Total inorg. due to permafrost thaw,SSP5-8.5,Barren,0.01837512871633582,NA,biome,Barren,Barren,Barren  0.02,0.01837512871633582,1,2,5,5,15,11
Future anomaly,Total inorg. due to permafrost thaw,SSP3-7.0,Pan-Arctic,1.2540117817915362,0.054703325640541145,total,SSP3-7.0,SSP3-7.0,SSP3-7.0  1.25,1.3087151074320773,1,3,1,6,15,10
Future anomaly,Total inorg. due to permafrost thaw,SSP3-7.0,Taiga,0.4194520115962891,NA,biome,Taiga,Taiga,Taiga  0.42,0.4194520115962891,1,3,2,7,15,9
Future anomaly,Total inorg. due to permafrost thaw,SSP3-7.0,Tundra,0.6914809809174467,NA,biome,Tundra,Tundra,Tundra  0.69,0.6914809809174467,1,3,3,8,15,8
Future anomaly,Total inorg. due to permafrost thaw,SSP3-7.0,Wetlands,0.12830851040068178,NA,biome,Wetlands,Wetlands,Wetlands  0.13,0.12830851040068178,1,3,4,9,15,7
Future anomaly,Total inorg. due to permafrost thaw,SSP3-7.0,Barren,0.014770278877118747,NA,biome,Barren,Barren,Barren  0.01,0.014770278877118747,1,3,5,10,15,6
Future anomaly,Total inorg. due to permafrost thaw,SSP1-2.6,Pan-Arctic,0.3330203270915309,0.02638284127104945,total,SSP1-2.6,SSP1-2.6,SSP1-2.6  0.33,0.35940316836258035,1,4,1,11,15,5
Future anomaly,Total inorg. due to permafrost thaw,SSP1-2.6,Taiga,0.16238829408275782,NA,biome,Taiga,Taiga,Taiga  0.16,0.16238829408275782,1,4,2,12,15,4
Future anomaly,Total inorg. due to permafrost thaw,SSP1-2.6,Tundra,0.11604663140296978,NA,biome,Tundra,Tundra,Tundra  0.12,0.11604663140296978,1,4,3,13,15,3
Future anomaly,Total inorg. due to permafrost thaw,SSP1-2.6,Wetlands,0.05472063011247211,NA,biome,Wetlands,Wetlands,Wetlands  0.05,0.05472063011247211,1,4,4,14,15,2
Future anomaly,Total inorg. due to permafrost thaw,SSP1-2.6,Barren,-1.3522850666888245e-4,NA,biome,Barren,Barren,Barren  -0.00,0,1,4,5,15,15,1
Future anomaly,N Fixation,SSP5-8.5,Pan-Arctic,0.5031648501644067,0.07064781194501181,total,SSP5-8.5,SSP5-8.5,SSP5-8.5  0.50,0.5738126621094185,2,2,1,1,15,31.5
Future anomaly,N Fixation,SSP5-8.5,Taiga,0.26117006542279125,NA,biome,Taiga,Taiga,Taiga  0.26,0.26117006542279125,2,2,2,2,15,30.5
Future anomaly,N Fixation,SSP5-8.5,Tundra,0.21762669955361968,NA,biome,Tundra,Tundra,Tundra  0.22,0.21762669955361968,2,2,3,3,15,29.5
Future anomaly,N Fixation,SSP5-8.5,Wetlands,0.01603088329477166,NA,biome,Wetlands,Wetlands,Wetlands  0.02,0.01603088329477166,2,2,4,4,15,28.5
Future anomaly,N Fixation,SSP5-8.5,Barren,0.008337201893224025,NA,biome,Barren,Barren,Barren  0.01,0.008337201893224025,2,2,5,5,15,27.5
Future anomaly,N Fixation,SSP3-7.0,Pan-Arctic,0.312245884170532,0.09696895391792178,total,SSP3-7.0,SSP3-7.0,SSP3-7.0  0.31,0.40921483808845377,2,3,1,6,15,26.5
Future anomaly,N Fixation,SSP3-7.0,Taiga,0.17640908994562465,NA,biome,Taiga,Taiga,Taiga  0.18,0.17640908994562465,2,3,2,7,15,25.5
Future anomaly,N Fixation,SSP3-7.0,Tundra,0.11663391049704112,NA,biome,Tundra,Tundra,Tundra  0.12,0.11663391049704112,2,3,3,8,15,24.5
Future anomaly,N Fixation,SSP3-7.0,Wetlands,0.014486997564870017,NA,biome,Wetlands,Wetlands,Wetlands  0.01,0.014486997564870017,2,3,4,9,15,23.5
Future anomaly,N Fixation,SSP3-7.0,Barren,0.004715886162996227,NA,biome,Barren,Barren,Barren  0.00,0.004715886162996227,2,3,5,10,15,22.5
Future anomaly,N Fixation,SSP1-2.6,Pan-Arctic,0.16731974821186965,0.06370293345914589,total,SSP1-2.6,SSP1-2.6,SSP1-2.6  0.17,0.23102268167101553,2,4,1,11,15,21.5
Future anomaly,N Fixation,SSP1-2.6,Taiga,0.09138013821028862,NA,biome,Taiga,Taiga,Taiga  0.09,0.09138013821028862,2,4,2,12,15,20.5
Future anomaly,N Fixation,SSP1-2.6,Tundra,0.06778763550143845,NA,biome,Tundra,Tundra,Tundra  0.07,0.06778763550143845,2,4,3,13,15,19.5
Future anomaly,N Fixation,SSP1-2.6,Wetlands,0.005991493693367074,NA,biome,Wetlands,Wetlands,Wetlands  0.01,0.005991493693367074,2,4,4,14,15,18.5
Future anomaly,N Fixation,SSP1-2.6,Barren,0.002160480806775473,NA,biome,Barren,Barren,Barren  0.00,0.002160480806775473,2,4,5,15,15,17.5
Future anomaly,N Deposition,SSP5-8.5,Pan-Arctic,-0.008972534432364301,0.008311781940164588,total,SSP5-8.5,SSP5-8.5,SSP5-8.5  -0.01,0,3,2,1,1,15,48
Future anomaly,N Deposition,SSP5-8.5,Taiga,-0.006971044003441479,NA,biome,Taiga,Taiga,Taiga  -0.01,0,3,2,2,2,15,47
Future anomaly,N Deposition,SSP5-8.5,Tundra,-0.0016599563398423459,NA,biome,Tundra,Tundra,Tundra  -0.00,0,3,2,3,3,15,46
Future anomaly,N Deposition,SSP5-8.5,Wetlands,-4.415219279208316e-4,NA,biome,Wetlands,Wetlands,Wetlands  -0.00,0,3,2,4,4,15,45
Future anomaly,N Deposition,SSP5-8.5,Barren,9.998783884034891e-5,NA,biome,Barren,Barren,Barren  0.00,9.998783884034891e-5,3,2,5,5,15,44
Future anomaly,N Deposition,SSP3-7.0,Pan-Arctic,0.013021960726713383,0.00945767208451788,total,SSP3-7.0,SSP3-7.0,SSP3-7.0  0.01,0.022479632811231262,3,3,1,6,15,43
Future anomaly,N Deposition,SSP3-7.0,Taiga,0.00873179741119294,NA,biome,Taiga,Taiga,Taiga  0.01,0.00873179741119294,3,3,2,7,15,42
Future anomaly,N Deposition,SSP3-7.0,Tundra,0.004242577509199194,NA,biome,Tundra,Tundra,Tundra  0.00,0.004242577509199194,3,3,3,8,15,41
Future anomaly,N Deposition,SSP3-7.0,Wetlands,8.80084926742613e-6,NA,biome,Wetlands,Wetlands,Wetlands  0.00,8.80084926742613e-6,3,3,4,9,15,40
Future anomaly,N Deposition,SSP3-7.0,Barren,3.8784957053815145e-5,NA,biome,Barren,Barren,Barren  0.00,3.8784957053815145e-5,3,3,5,10,15,39
Future anomaly,N Deposition,SSP1-2.6,Pan-Arctic,-0.06685497440860358,0.00868987079904609,total,SSP1-2.6,SSP1-2.6,SSP1-2.6  -0.07,0,3,4,1,11,15,38
Future anomaly,N Deposition,SSP1-2.6,Taiga,-0.038376911308064775,NA,biome,Taiga,Taiga,Taiga  -0.04,0,3,4,2,12,15,37
Future anomaly,N Deposition,SSP1-2.6,Tundra,-0.025427100627736544,NA,biome,Tundra,Tundra,Tundra  -0.03,0,3,4,3,13,15,36
Future anomaly,N Deposition,SSP1-2.6,Wetlands,-0.0018509491042312106,NA,biome,Wetlands,Wetlands,Wetlands  -0.00,0,3,4,4,14,15,35
Future anomaly,N Deposition,SSP1-2.6,Barren,-0.0012000133685710534,NA,biome,Barren,Barren,Barren  -0.00,0,3,4,5,15,15,34
Present day,Total inorg. due to permafrost thaw,Present day,Pan-Arctic,0.3792731741175594,0.1362891457477411,total,Present day,Pan-Arctic,Pan-Arctic  0.38,0.5155623198653005,1,1,1,1,5,5
Present day,Total inorg. due to permafrost thaw,Present day,Taiga,0.17615891348684484,NA,biome,Taiga,Taiga,Taiga  0.18,0.17615891348684484,1,1,2,2,5,4
Present day,Total inorg. due to permafrost thaw,Present day,Tundra,0.16846478077748056,NA,biome,Tundra,Tundra,Tundra  0.17,0.16846478077748056,1,1,3,3,5,3
Present day,Total inorg. due to permafrost thaw,Present day,Wetlands,0.027585910975734634,NA,biome,Wetlands,Wetlands,Wetlands  0.03,0.027585910975734634,1,1,4,4,5,2
Present day,Total inorg. due to permafrost thaw,Present day,Barren,0.007063568877499394,NA,biome,Barren,Barren,Barren  0.01,0.007063568877499394,1,1,5,5,5,1
Present day,N Fixation,Present day,Pan-Arctic,0.24226414415359504,0.08422600636341172,total,Present day,Pan-Arctic,Pan-Arctic  0.24,0.32649015051700675,2,1,1,1,5,11.5
Present day,N Fixation,Present day,Taiga,0.13686469868805487,NA,biome,Taiga,Taiga,Taiga  0.14,0.13686469868805487,2,1,2,2,5,10.5
Present day,N Fixation,Present day,Tundra,0.09582843503503123,NA,biome,Tundra,Tundra,Tundra  0.10,0.09582843503503123,2,1,3,3,5,9.5
Present day,N Fixation,Present day,Wetlands,0.005953621805241558,NA,biome,Wetlands,Wetlands,Wetlands  0.01,0.005953621805241558,2,1,4,4,5,8.5
Present day,N Fixation,Present day,Barren,0.0036173886252673687,NA,biome,Barren,Barren,Barren  0.00,0.0036173886252673687,2,1,5,5,5,7.5
Present day,N Deposition,Present day,Pan-Arctic,0.13373514922186897,0.058557804064283465,total,Present day,Pan-Arctic,Pan-Arctic  0.13,0.19229295328615242,3,1,1,1,5,18
Present day,N Deposition,Present day,Taiga,0.07574018250038639,NA,biome,Taiga,Taiga,Taiga  0.08,0.07574018250038639,3,1,2,2,5,17
Present day,N Deposition,Present day,Tundra,0.05128137941572149,NA,biome,Tundra,Tundra,Tundra  0.05,0.05128137941572149,3,1,3,3,5,16
Present day,N Deposition,Present day,Wetlands,0.004089534263810039,NA,biome,Wetlands,Wetlands,Wetlands  0.00,0.004089534263810039,3,1,4,4,5,15
Present day,N Deposition,Present day,Barren,0.0026240530419510454,NA,biome,Barren,Barren,Barren  0.00,0.0026240530419510454,3,1,5,5,5,14
