unit,SSP,Variable,Biome,mean_future,contrib_future,sd_future,mean_present,contrib_present,sd_present,anomaly,contrib_anomaly,sd_runs,anomaly_sd
Tg_yr,SSP1-2.6,N Deposition,Barren,0.01619369861722913,0.01619369861722913,0.0010121947243087195,0.0311290804841886,0.0311290804841886,0.001595859144560942,-0.01493538186695947,-0.01493538186695947,NA,0.0018897895568547273
Tg_yr,SSP1-2.6,N Deposition,Pan-Arctic,0.7544191049573412,0.7544191049573412,0.062082997236863266,1.5864969789624386,1.5864969789624386,0.0885609505686897,-0.8320778740050974,-0.8320778740050974,NA,0.10815424407549744
Tg_yr,SSP1-2.6,N Deposition,Taiga,0.4208644982018612,0.4208644982018612,0.03953472780516232,0.8985040314538147,0.8985040314538147,0.05196161582984228,-0.4776395332519535,-0.4776395332519535,NA,0.06529168570558115
Tg_yr,SSP1-2.6,N Deposition,Tundra,0.2918837942790925,0.2918837942790925,0.022693922921083454,0.6083498167343783,0.6083498167343783,0.037903363347226084,-0.31646602245528577,-0.31646602245528577,NA,0.044177812197752825
Tg_yr,SSP1-2.6,N Deposition,Wetlands,0.025477113859158365,0.025477113859158365,0.0020748227587424864,0.048514050290056836,0.048514050290056836,0.003307122926538846,-0.02303693643089847,-0.02303693643089847,NA,0.003904094201147642
Tg_yr,SSP1-2.6,N Fixation,Barren,0.06582784699227784,0.06582784699227784,0.010658103882885852,0.038938474998154275,0.038938474998154275,0.009698364394194057,0.026889371994123563,0.026889371994123563,NA,0.014410185644222544
Tg_yr,SSP1-2.6,N Fixation,Pan-Arctic,4.690255524343174,4.690255524343174,0.5797740126249598,2.6077917794571386,2.6077917794571386,0.5408043109851945,2.0824637448860353,2.0824637448860353,NA,0.7928475316827429
Tg_yr,SSP1-2.6,N Fixation,Taiga,2.610564192591914,2.610564192591914,0.27127041816783964,1.4732458135047193,1.4732458135047193,0.27476882697190474,1.1373183790871948,1.1373183790871948,NA,0.38611597745816106
Tg_yr,SSP1-2.6,N Fixation,Tundra,1.875207004277894,1.875207004277894,0.32748210575834374,1.0315212182788402,1.0315212182788402,0.2714380789997828,0.8436857859990539,0.8436857859990539,NA,0.4253506322118393
Tg_yr,SSP1-2.6,N Fixation,Wetlands,0.13865648048108734,0.13865648048108734,0.03044186695627416,0.06408627267542477,0.06408627267542477,0.02582532346718923,0.07457020780566256,0.07457020780566256,NA,0.0399206036523554
Tg_yr,SSP1-2.6,Total inorg. due to permafrost thaw,Barren,0.08620181662099659,0.08620181662099659,0.4981877763932985,0.08788431810185338,0.08788431810185338,0.5044555446316783,-0.0016825014808567879,-0.0016825014808567879,0.004435239057271133,0.004435239057271133
Tg_yr,SSP1-2.6,Total inorg. due to permafrost thaw,Pan-Arctic,8.862294645635801,8.862294645635801,2.851104650283713,4.718884300516269,4.718884300516269,4.513959951946253,4.143410345119532,4.143410345119532,0.3282530481272017,0.3282530481272017
Tg_yr,SSP1-2.6,Total inorg. due to permafrost thaw,Taiga,4.212175317963932,4.212175317963932,0.5475845317030449,2.191754091712836,2.191754091712836,1.5479618264348531,2.020421226251096,2.020421226251096,0.007581421181479531,0.007581421181479531
Tg_yr,SSP1-2.6,Total inorg. due to permafrost thaw,Tundra,3.539866586609407,3.539866586609407,2.0530074212537897,2.09602435250103,2.09602435250103,3.095836993139346,1.4438422341083768,1.4438422341083768,0.2893888299824139,0.2893888299824139
Tg_yr,SSP1-2.6,Total inorg. due to permafrost thaw,Wetlands,1.0240509244414666,1.0240509244414666,0.4781567439198815,0.3432215382005495,0.3432215382005495,0.6071503987156376,0.6808293862409172,0.6808293862409172,0.03571803602058016,0.03571803602058016
Tg_yr,SSP3-7.0,N Deposition,Barren,0.03161179856005648,0.03161179856005648,0.0014857209336378025,0.0311290804841886,0.0311290804841886,0.001595859144560942,4.82718075867878e-4,4.82718075867878e-4,NA,0.002180397464208846
Tg_yr,SSP3-7.0,N Deposition,Pan-Arctic,1.7485684701672446,1.7485684701672446,0.07754143942098728,1.5864969789624386,1.5864969789624386,0.0885609505686897,0.16207149120480602,0.16207149120480602,NA,0.11771030878010873
Tg_yr,SSP3-7.0,N Deposition,Taiga,1.0071800946849994,1.0071800946849994,0.04501343556939848,0.8985040314538147,0.8985040314538147,0.05196161582984228,0.10867606323118462,0.10867606323118462,NA,0.0687475010557366
Tg_yr,SSP3-7.0,N Deposition,Tundra,0.6611529911486073,0.6611529911486073,0.033334759829005384,0.6083498167343783,0.6083498167343783,0.037903363347226084,0.05280317441422899,0.05280317441422899,NA,0.050476441692034045
Tg_yr,SSP3-7.0,N Deposition,Wetlands,0.04862358577358156,0.04862358577358156,0.0035486695441789406,0.048514050290056836,0.048514050290056836,0.003307122926538846,1.0953548352472114e-4,1.0953548352472114e-4,NA,0.004850785254473963
Tg_yr,SSP3-7.0,N Fixation,Barren,0.0976324550238347,0.0976324550238347,0.017226066879595086,0.038938474998154275,0.038938474998154275,0.009698364394194057,0.05869398002568043,0.05869398002568043,NA,0.01976855209829121
Tg_yr,SSP3-7.0,N Fixation,Pan-Arctic,6.494008082219237,6.494008082219237,1.0789265182929921,2.6077917794571386,2.6077917794571386,0.5408043109851945,3.886216302762098,3.886216302762098,NA,1.206876851487346
Tg_yr,SSP3-7.0,N Fixation,Taiga,3.6688356228733308,3.6688356228733308,0.5713425802223263,1.4732458135047193,1.4732458135047193,0.27476882697190474,2.1955898093686113,2.1955898093686113,NA,0.6339796938787724
Tg_yr,SSP3-7.0,N Fixation,Tundra,2.4831483730532735,2.4831483730532735,0.47207783420827754,1.0315212182788402,1.0315212182788402,0.2714380789997828,1.4516271547744333,1.4516271547744333,NA,0.5445512944451333
Tg_yr,SSP3-7.0,N Fixation,Wetlands,0.24439163126879807,0.24439163126879807,0.06289996357492336,0.06408627267542477,0.06408627267542477,0.02582532346718923,0.1803053585933733,0.1803053585933733,NA,0.06799524064161874
Tg_yr,SSP3-7.0,Total inorg. due to permafrost thaw,Barren,0.2716548609820592,0.2716548609820592,0.12155938898453962,0.08788431810185338,0.08788431810185338,0.5044555446316783,0.18377054288020583,0.18377054288020583,0.12191944385356634,0.12191944385356634
Tg_yr,SSP3-7.0,Total inorg. due to permafrost thaw,Pan-Arctic,20.321191327704845,20.321191327704845,2.062237488973961,4.718884300516269,4.718884300516269,4.513959951946253,15.602307027188576,15.602307027188576,0.6806140854854279,0.6806140854854279
Tg_yr,SSP3-7.0,Total inorg. due to permafrost thaw,Taiga,7.410540041831679,7.410540041831679,0.5152584683807556,2.191754091712836,2.191754091712836,1.5479618264348531,5.218785950118843,5.218785950118843,1.0569828611548808,1.0569828611548808
Tg_yr,SSP3-7.0,Total inorg. due to permafrost thaw,Tundra,10.699371405845552,10.699371405845552,1.6087732455729011,2.09602435250103,2.09602435250103,3.095836993139346,8.603347053344521,8.603347053344521,0.4684872685769603,0.4684872685769603
Tg_yr,SSP3-7.0,Total inorg. due to permafrost thaw,Wetlands,1.9396250190455548,1.9396250190455548,0.10784360693164587,0.3432215382005495,0.3432215382005495,0.6071503987156376,1.5964034808450054,1.5964034808450054,0.21403793676107463,0.21403793676107463
Tg_yr,SSP5-8.5,N Deposition,Barren,0.03237353041636799,0.03237353041636799,0.0013462113774419565,0.0311290804841886,0.0311290804841886,0.001595859144560942,0.0012444499321793943,0.0012444499321793943,NA,0.0020878341605675846
Tg_yr,SSP5-8.5,N Deposition,Pan-Arctic,1.4748246996599361,1.4748246996599361,0.053465498695749056,1.5864969789624386,1.5864969789624386,0.0885609505686897,-0.11167227930250245,-0.11167227930250245,NA,0.10344854526002309
Tg_yr,SSP5-8.5,N Deposition,Taiga,0.8117423278515005,0.8117423278515005,0.02726015897866619,0.8985040314538147,0.8985040314538147,0.05196161582984228,-0.08676170360231428,-0.08676170360231428,NA,0.05867815425855069
Tg_yr,SSP5-8.5,N Deposition,Tundra,0.5876899787131173,0.5876899787131173,0.027211412920610446,0.6083498167343783,0.6083498167343783,0.037903363347226084,-0.020659838021260923,-0.020659838021260923,NA,0.04665968223389232
Tg_yr,SSP5-8.5,N Deposition,Wetlands,0.04301886267895039,0.04301886267895039,0.004070783940786773,0.048514050290056836,0.048514050290056836,0.003307122926538846,-0.005495187611106449,-0.005495187611106449,NA,0.0052448397443397975
Tg_yr,SSP5-8.5,N Fixation,Barren,0.14270339732190537,0.14270339732190537,0.013345484665182908,0.038938474998154275,0.038938474998154275,0.009698364394194057,0.10376492232375109,0.10376492232375109,NA,0.01649727955970933
Tg_yr,SSP5-8.5,N Fixation,Pan-Arctic,8.870187996080531,8.870187996080531,0.6933039083769148,2.6077917794571386,2.6077917794571386,0.5408043109851945,6.262396216623393,6.262396216623393,NA,0.8792835789157423
Tg_yr,SSP5-8.5,N Fixation,Taiga,4.7237718171883305,4.7237718171883305,0.3997249938566461,1.4732458135047193,1.4732458135047193,0.27476882697190474,3.2505260036836114,3.2505260036836114,NA,0.48505461443966524
Tg_yr,SSP5-8.5,N Fixation,Tundra,3.740105928589019,3.740105928589019,0.3432351547231456,1.0315212182788402,1.0315212182788402,0.2714380789997828,2.7085847103101788,2.7085847103101788,NA,0.43759456368756916
Tg_yr,SSP5-8.5,N Fixation,Wetlands,0.2636068529812762,0.2636068529812762,0.05948773142912008,0.06408627267542477,0.06408627267542477,0.02582532346718923,0.1995205803058514,0.1995205803058514,NA,0.06485165782590355
Tg_yr,SSP5-8.5,Total inorg. due to permafrost thaw,Barren,0.31650609347847447,0.31650609347847447,0.06564902512449168,0.08788431810185338,0.08788431810185338,0.5044555446316783,0.2286217753766211,0.2286217753766211,0.11998935546510517,0.11998935546510517
Tg_yr,SSP5-8.5,Total inorg. due to permafrost thaw,Pan-Arctic,25.414654784487265,25.414654784487265,1.7069072254234239,4.718884300516269,4.718884300516269,4.513959951946253,20.695770483970996,20.695770483970996,1.7905068540812419,1.7905068540812419
Tg_yr,SSP5-8.5,Total inorg. due to permafrost thaw,Taiga,8.717377017014988,8.717377017014988,0.39865888097407004,2.191754091712836,2.191754091712836,1.5479618264348531,6.525622925302152,6.525622925302152,1.316268948719113,1.316268948719113
Tg_yr,SSP5-8.5,Total inorg. due to permafrost thaw,Tundra,14.134561631986386,14.134561631986386,1.384398914417858,2.09602435250103,2.09602435250103,3.095836993139346,12.038537279485357,12.038537279485357,0.3353431941299032,0.3353431941299032
Tg_yr,SSP5-8.5,Total inorg. due to permafrost thaw,Wetlands,2.2462100420074154,2.2462100420074154,0.11497376886516668,0.3432215382005495,0.3432215382005495,0.6071503987156376,1.902988503806866,1.902988503806866,0.25888406669733055,0.25888406669733055
g_m2_yr,SSP1-2.6,N Deposition,Barren,0.02367523501232253,0.0013011153648689142,0.0014798316643206968,0.045510807234398966,0.0025011287334399676,0.0023331507635844318,-0.021835572222076435,-0.0012000133685710534,NA,0.002762877890957322
g_m2_yr,SSP1-2.6,N Deposition,Pan-Arctic,0.06061532403513436,0.06061532403513436,0.004988183583709226,0.12747029844373794,0.12747029844373794,0.007115608128566926,-0.06685497440860358,-0.06685497440860358,NA,0.00868987079904609
g_m2_yr,SSP1-2.6,N Deposition,Taiga,0.09639162879602016,0.033815206648077335,0.00905473572474888,0.20578658319163667,0.07219211795614211,0.011900896383779164,-0.10939495439561651,-0.038376911308064775,NA,0.014953914998504292
g_m2_yr,SSP1-2.6,N Deposition,Tundra,0.04107956864535392,0.02345199194263794,0.0031939305392803563,0.08561882689873763,0.04887909257037448,0.005334499026771409,-0.044539258253383715,-0.025427100627736544,NA,0.006217561592487268
g_m2_yr,SSP1-2.6,N Deposition,Wetlands,0.0877013108701368,0.002047010079550172,0.007142279803389032,0.16700266088139548,0.003897959183781383,0.011384296410869887,-0.07930135001125868,-0.0018509491042312106,NA,0.013439284414002252
g_m2_yr,SSP1-2.6,N Fixation,Barren,0.09624050593600939,0.005289071087612225,0.015582179227702959,0.05692816498523228,0.003128590280836752,0.014179037272151827,0.039312340950777104,0.002160480806775473,NA,0.021067733799564878
g_m2_yr,SSP1-2.6,N Fixation,Pan-Arctic,0.37684803651905974,0.37684803651905974,0.046583111975139056,0.20952828830719009,0.20952828830719009,0.04345201272682344,0.16731974821186965,0.16731974821186965,NA,0.06370293345914589
g_m2_yr,SSP1-2.6,N Fixation,Taiga,0.5979039231762624,0.20975104343019718,0.062129729552132425,0.33742110391198976,0.11837090521990856,0.06293097870538467,0.26048281926427264,0.09138013821028862,NA,0.08843308981958448
g_m2_yr,SSP1-2.6,N Fixation,Tundra,0.2639156279530386,0.15066728752009192,0.046089655908617036,0.14517574297018784,0.08287965201865348,0.038202049643676586,0.11873988498285074,0.06778763550143845,NA,0.05986361982667476
g_m2_yr,SSP1-2.6,N Fixation,Wetlands,0.4773050497813575,0.011140634481158372,0.10479176142786771,0.22060780328127216,0.0051491407877912974,0.08889997251017596,0.25669724650008535,0.005991493693367074,NA,0.1374209531893342
g_m2_yr,SSP1-2.6,Total inorg. due to permafrost thaw,Barren,0.12618630560186211,0.006928340370830512,0.7292708838779242,0.12864923102920475,0.007063568877499394,0.7384459401513576,-0.002462925427342638,-1.3522850666888245e-4,0.006492513186338235,0.006492513186338235
g_m2_yr,SSP1-2.6,Total inorg. due to permafrost thaw,Pan-Arctic,0.7122935012090903,0.7122935012090903,0.22915321537680705,0.3792731741175594,0.3792731741175594,0.36280269016701633,0.3330203270915309,0.3330203270915309,0.02638284127104945,0.02638284127104945
g_m2_yr,SSP1-2.6,Total inorg. due to permafrost thaw,Taiga,0.9647248494649244,0.33854720756960266,0.125414629031133,0.5019828180404108,0.17615891348684484,0.3545334957013773,0.46274203142451364,0.16238829408275782,0.0017363914974859451,0.0017363914974859451
g_m2_yr,SSP1-2.6,Total inorg. due to permafrost thaw,Tundra,0.49842598295243234,0.28451141218045034,0.28907084968057517,0.29512778875325346,0.16846478077748056,0.43590501467004655,0.20329819419917888,0.11604663140296978,0.04074699102646,0.04074699102646
g_m2_yr,SSP1-2.6,Total inorg. due to permafrost thaw,Wetlands,3.525148451578013,0.08230654108820674,1.6459860200410377,1.1814909249711318,0.027585910975734634,2.0900281781150225,2.343657526606881,0.05472063011247211,0.12295421679349561,0.12295421679349561
g_m2_yr,SSP3-7.0,N Deposition,Barren,0.04621654248123806,0.002539913690493783,0.0021721283752421053,0.045510807234398966,0.0025011287334399676,0.0023331507635844318,7.057352468390968e-4,3.8784957053815145e-5,NA,0.0031877475063352375
g_m2_yr,SSP3-7.0,N Deposition,Pan-Arctic,0.14049225917045133,0.14049225917045133,0.0062302232880484375,0.12747029844373794,0.12747029844373794,0.007115608128566926,0.013021960726713383,0.013021960726713383,NA,0.00945767208451788
g_m2_yr,SSP3-7.0,N Deposition,Taiga,0.23067692863714098,0.08092391536733505,0.010309537608368034,0.20578658319163667,0.07219211795614211,0.011900896383779164,0.02489034544550431,0.00873179741119294,NA,0.015745408868486167
g_m2_yr,SSP3-7.0,N Deposition,Tundra,0.09305031734307466,0.05312167007957368,0.004691516218137982,0.08561882689873763,0.04887909257037448,0.005334499026771409,0.0074314904443370244,0.004242577509199194,NA,0.007104027329035047
g_m2_yr,SSP3-7.0,N Deposition,Wetlands,0.16737972107530197,0.003906760033048809,0.01221578600268128,0.16700266088139548,0.003897959183781383,0.011384296410869887,3.770601939064866e-4,8.80084926742613e-6,NA,0.016698132603193954
g_m2_yr,SSP3-7.0,N Fixation,Barren,0.14273893643173208,0.007844476443832979,0.025184560448623588,0.05692816498523228,0.003128590280836752,0.014179037272151827,0.08581077144649979,0.004715886162996227,NA,0.028901681317104137
g_m2_yr,SSP3-7.0,N Fixation,Pan-Arctic,0.5217741724777221,0.5217741724777221,0.08668852642607332,0.20952828830719009,0.20952828830719009,0.04345201272682344,0.312245884170532,0.312245884170532,NA,0.09696895391792178
g_m2_yr,SSP3-7.0,N Fixation,Taiga,0.8402824257797128,0.2947799951655332,0.1308559931841438,0.33742110391198976,0.11837090521990856,0.06293097870538467,0.502861321867723,0.17640908994562465,NA,0.14520192503209545
g_m2_yr,SSP3-7.0,N Fixation,Tundra,0.3494769701051112,0.1995135625156946,0.06643998117197984,0.14517574297018784,0.08287965201865348,0.038202049643676586,0.20430122713492335,0.11663391049704112,NA,0.07663985709218778
g_m2_yr,SSP3-7.0,N Fixation,Wetlands,0.841283143234057,0.019636138352661314,0.21652410432752484,0.22060780328127216,0.0051491407877912974,0.08889997251017596,0.6206753399527848,0.014486997564870017,NA,0.23406386493251558
g_m2_yr,SSP3-7.0,Total inorg. due to permafrost thaw,Barren,0.3976612634143021,0.021833847754618142,0.17794439616766178,0.12864923102920475,0.007063568877499394,0.7384459401513576,0.2690120323850973,0.014770278877118747,0.17847146155349003,0.17847146155349003
g_m2_yr,SSP3-7.0,Total inorg. due to permafrost thaw,Pan-Arctic,1.6332849559090956,1.6332849559090956,0.16574921282596575,0.3792731741175594,0.3792731741175594,0.36280269016701633,1.2540117817915362,1.2540117817915362,0.054703325640541145,0.054703325640541145
g_m2_yr,SSP3-7.0,Total inorg. due to permafrost thaw,Taiga,1.6972541707417788,0.595610925083134,0.11801091142246907,0.5019828180404108,0.17615891348684484,0.3545334957013773,1.195271352701368,0.4194520115962891,0.24208337845432926,0.24208337845432926
g_m2_yr,SSP3-7.0,Total inorg. due to permafrost thaw,Tundra,1.506510084336167,0.8599457616949272,0.22652107548501957,0.29512778875325346,0.16846478077748056,0.43590501467004655,1.2113822955829134,0.6914809809174467,0.06596469715115205,0.06596469715115205
g_m2_yr,SSP3-7.0,Total inorg. due to permafrost thaw,Wetlands,6.676880972750133,0.1558944213764164,0.37123615136134674,1.1814909249711318,0.027585910975734634,2.0900281781150225,5.495390047779001,0.12830851040068178,0.7367949028157752,0.7367949028157752
g_m2_yr,SSP5-8.5,N Deposition,Barren,0.0473301966958077,0.0026011165722803166,0.001968164993714961,0.045510807234398966,0.0025011287334399676,0.0023331507635844318,0.0018193894614087353,9.998783884034891e-5,NA,0.0030524196841357886
g_m2_yr,SSP5-8.5,N Deposition,Pan-Arctic,0.11849776401137364,0.11849776401137364,0.004295793288965203,0.12747029844373794,0.12747029844373794,0.007115608128566926,-0.008972534432364301,-0.008972534432364301,NA,0.008311781940164588
g_m2_yr,SSP5-8.5,N Deposition,Taiga,0.18591533730828025,0.06522107395270063,0.00624346110545959,0.20578658319163667,0.07219211795614211,0.011900896383779164,-0.019871245883356425,-0.006971044003441479,NA,0.013439201662034642
g_m2_yr,SSP5-8.5,N Deposition,Tundra,0.08271117237720986,0.04721913623053214,0.0038297196587092504,0.08561882689873763,0.04887909257037448,0.005334499026771409,-0.002907654521527775,-0.0016599563398423459,NA,0.006566858650140812
g_m2_yr,SSP5-8.5,N Deposition,Wetlands,0.14808626557713978,0.003456437255860551,0.014013089938276675,0.16700266088139548,0.003897959183781383,0.011384296410869887,-0.018916395304255706,-4.415219279208316e-4,NA,0.018054608674484638
g_m2_yr,SSP5-8.5,N Fixation,Barren,0.2086327866481587,0.011465792174060777,0.019511137836379887,0.05692816498523228,0.003128590280836752,0.014179037272151827,0.15170462166292642,0.008337201893224025,NA,0.0241190712432151
g_m2_yr,SSP5-8.5,N Fixation,Pan-Arctic,0.7126931384715968,0.7126931384715968,0.05570490034643026,0.20952828830719009,0.20952828830719009,0.04345201272682344,0.5031648501644067,0.5031648501644067,NA,0.07064781194501181
g_m2_yr,SSP5-8.5,N Fixation,Taiga,1.0818970511053325,0.3795409706426998,0.09154999624092995,0.33742110391198976,0.11837090521990856,0.06293097870538467,0.7444759471933428,0.26117006542279125,NA,0.11109324863614291
g_m2_yr,SSP5-8.5,N Fixation,Tundra,0.5263805022606322,0.3005063515722732,0.04830673157025663,0.14517574297018784,0.08287965201865348,0.038202049643676586,0.3812047592904443,0.21762669955361968,NA,0.0615868241751331
g_m2_yr,SSP5-8.5,N Fixation,Wetlands,0.9074287883868285,0.02118002408256296,0.20477798450270834,0.22060780328127216,0.0051491407877912974,0.08889997251017596,0.6868209851055563,0.01603088329477166,NA,0.22324253190040086
g_m2_yr,SSP5-8.5,Total inorg. due to permafrost thaw,Barren,0.46331662373340576,0.025438697593835217,0.09610015509586903,0.12864923102920475,0.007063568877499394,0.7384459401513576,0.334667392704201,0.01837512871633582,0.17564610667383843,0.17564610667383843
g_m2_yr,SSP5-8.5,Total inorg. due to permafrost thaw,Pan-Arctic,2.0426643620314953,2.0426643620314953,0.13719008140117175,0.3792731741175594,0.3792731741175594,0.36280269016701633,1.6633911879139358,1.6633911879139358,0.14390927485811456,0.14390927485811456
g_m2_yr,SSP5-8.5,Total inorg. due to permafrost thaw,Taiga,1.9965622500570355,0.7006459664334247,0.09130582179126147,0.5019828180404108,0.17615891348684484,0.3545334957013773,1.4945794320166246,0.5244870529465798,0.3014683073595832,0.3014683073595832
g_m2_yr,SSP5-8.5,Total inorg. due to permafrost thaw,Tundra,1.9901972581889025,1.1360439700412326,0.1949283603871421,0.29512778875325346,0.16846478077748056,0.43590501467004655,1.695069469435649,0.967579189263752,0.047217531246198985,0.047217531246198985
g_m2_yr,SSP5-8.5,Total inorg. due to permafrost thaw,Wetlands,7.7322559479355455,0.1805357279630026,0.3957807113041642,1.1814909249711318,0.027585910975734634,2.0900281781150225,6.550765022964414,0.15294981698726798,0.8911712738837312,0.8911712738837312
