SSP,Variable,Future,Future_SD,Baseline,Baseline_SD,Anomaly,Anomaly_SD
SSP1-2.6,Min. N following permafrost thaw,0.71205893131566,0.22907775147713805,0.37914827326154615,0.15054443673738713,0.33291065805411385,0.2741172078772119
SSP1-2.6,N Fixation,0.37684803651905974,0.046583111975139056,0.20952828830719009,0.04345201272682344,0.16731974821186965,0.06370293345914589
SSP1-2.6,N Deposition,0.06061532403513436,0.004988183583709226,0.12747029844373794,0.007115608128566926,-0.06685497440860358,0.00868987079904609
SSP3-7.0,Min. N following permafrost thaw,1.6327470884746764,0.16569462890076814,0.37914827326154615,0.15054443673738713,1.2535988152131303,0.22387125201584152
SSP3-7.0,N Fixation,0.5217741724777221,0.08668852642607332,0.20952828830719009,0.04345201272682344,0.312245884170532,0.09696895391792178
SSP3-7.0,N Deposition,0.14049225917045133,0.0062302232880484375,0.12747029844373794,0.007115608128566926,0.013021960726713383,0.00945767208451788
SSP5-8.5,Min. N following permafrost thaw,2.041991679266733,0.13714490246479324,0.37914827326154615,0.15054443673738713,1.6628434060051869,0.20364761649637544
SSP5-8.5,N Fixation,0.7126931384715968,0.05570490034643026,0.20952828830719009,0.04345201272682344,0.5031648501644067,0.07064781194501181
SSP5-8.5,N Deposition,0.11849776401137364,0.004295793288965203,0.12747029844373794,0.007115608128566926,-0.008972534432364301,0.008311781940164588
