Pool,Type,SSP,mean_plot,std
Min. N following permafrost thaw,Present day,Present day,2.191754091712836,0.7198468783412136
N Fixation,Present day,Present day,1.4732458135047193,0.27476882697190474
N Deposition,Present day,Present day,0.8985040314538147,0.05196161582984228
Min. N following permafrost thaw,Future anomaly,SSP1-2.6,2.020421226251096,0.904449195708655
N Fixation,Future anomaly,SSP1-2.6,1.1373183790871948,0.38611597745816106
N Deposition,Future anomaly,SSP1-2.6,-0.4776395332519535,0.06529168570558115
Min. N following permafrost thaw,Future anomaly,SSP3-7.0,5.218785950118843,0.8852518384593574
N Fixation,Future anomaly,SSP3-7.0,2.1955898093686113,0.6339796938787724
N Deposition,Future anomaly,SSP3-7.0,0.10867606323118462,0.0687475010557366
Min. N following permafrost thaw,Future anomaly,SSP5-8.5,6.525622925302152,0.8228659864383069
N Fixation,Future anomaly,SSP5-8.5,3.2505260036836114,0.48505461443966524
N Deposition,Future anomaly,SSP5-8.5,-0.08676170360231428,0.05867815425855069
