Variable,Biome,Period,Tg_N_yr,g_N_m2_yr,share_pct
Min. N following permafrost thaw,Taiga,Present day (2000-2020),2.191754091712836,0.5019828180404108,46.4464469169767
Min. N following permafrost thaw,Taiga,SSP1-2.6 (2080-2099),4.212175317963932,0.9647248494649244,47.52917259457402
Min. N following permafrost thaw,Taiga,SSP3-7.0 (2080-2099),7.410540041831679,1.6972541707417788,36.46705511663845
Min. N following permafrost thaw,Taiga,SSP5-8.5 (2080-2099),8.717377017014988,1.9965622500570355,34.300591886599015
Min. N following permafrost thaw,Tundra,Present day (2000-2020),2.09602435250103,0.2949933430993049,44.41779494936367
Min. N following permafrost thaw,Tundra,SSP1-2.6 (2080-2099),3.539866586609407,0.4981989246753854,39.9430026663873
Min. N following permafrost thaw,Tundra,SSP3-7.0 (2080-2099),10.699371405845552,1.5058237926984859,52.65129998189914
Min. N following permafrost thaw,Tundra,SSP5-8.5 (2080-2099),14.134561631986386,1.9892906225481377,55.615792352268805
Min. N following permafrost thaw,Wetlands,Present day (2000-2020),0.3432215382005495,1.1814909249711318,7.273362014046401
Min. N following permafrost thaw,Wetlands,SSP1-2.6 (2080-2099),1.0240509244414666,3.525148451578013,11.55514418543685
Min. N following permafrost thaw,Wetlands,SSP3-7.0 (2080-2099),1.9396250190455548,6.676880972750133,9.54483911777934
Min. N following permafrost thaw,Wetlands,SSP5-8.5 (2080-2099),2.2462100420074154,7.7322559479355455,8.838247306740792
Min. N following permafrost thaw,Barren,Present day (2000-2020),0.08788431810185338,0.12848713157754746,1.86239611961324
Min. N following permafrost thaw,Barren,SSP1-2.6 (2080-2099),0.08620181662099659,0.12602730946343918,0.9726805536018407
Min. N following permafrost thaw,Barren,SSP3-7.0 (2080-2099),0.2716548609820592,0.39716020583137596,1.336805783683062
Min. N following permafrost thaw,Barren,SSP5-8.5 (2080-2099),0.31650609347847447,0.4627328396715031,1.2453684543913819
N Fixation,Taiga,Present day (2000-2020),1.4732458135047193,0.33742110391198976,56.49399714770952
N Fixation,Taiga,SSP1-2.6 (2080-2099),2.610564192591914,0.5979039231762624,55.65931704664426
N Fixation,Taiga,SSP3-7.0 (2080-2099),3.6688356228733308,0.8402824257797128,56.49570460065638
N Fixation,Taiga,SSP5-8.5 (2080-2099),4.7237718171883305,1.0818970511053325,53.254472388585484
N Fixation,Tundra,Present day (2000-2020),1.0315212182788402,0.14517574297018784,39.55535201869419
N Fixation,Tundra,SSP1-2.6 (2080-2099),1.875207004277894,0.2639156279530386,39.98091350343859
N Fixation,Tundra,SSP3-7.0 (2080-2099),2.4831483730532735,0.3494769701051112,38.23753129984853
N Fixation,Tundra,SSP5-8.5 (2080-2099),3.740105928589019,0.5263805022606322,42.164900340800656
N Fixation,Wetlands,Present day (2000-2020),0.06408627267542477,0.22060780328127216,2.457491935524298
N Fixation,Wetlands,SSP1-2.6 (2080-2099),0.13865648048108734,0.4773050497813575,2.9562670895314365
N Fixation,Wetlands,SSP3-7.0 (2080-2099),0.24439163126879807,0.841283143234057,3.7633404235813734
N Fixation,Wetlands,SSP5-8.5 (2080-2099),0.2636068529812762,0.9074287883868285,2.9718293805921148
N Fixation,Barren,Present day (2000-2020),0.038938474998154275,0.05692816498523228,1.4931588980719948
N Fixation,Barren,SSP1-2.6 (2080-2099),0.06582784699227784,0.09624050593600939,1.403502360385715
N Fixation,Barren,SSP3-7.0 (2080-2099),0.0976324550238347,0.14273893643173208,1.503423675913723
N Fixation,Barren,SSP5-8.5 (2080-2099),0.14270339732190537,0.2086327866481587,1.6087978900217415
N Deposition,Taiga,Present day (2000-2020),0.8985040314538147,0.20578658319163667,56.63446217473621
N Deposition,Taiga,SSP1-2.6 (2080-2099),0.4208644982018612,0.09639162879602016,55.78656418379796
N Deposition,Taiga,SSP3-7.0 (2080-2099),1.0071800946849994,0.23067692863714098,57.60026626744939
N Deposition,Taiga,SSP5-8.5 (2080-2099),0.8117423278515005,0.18591533730828025,55.039919526617055
N Deposition,Tundra,Present day (2000-2020),0.6083498167343783,0.08561882689873763,38.34547590076321
N Deposition,Tundra,SSP1-2.6 (2080-2099),0.2918837942790925,0.04107956864535392,38.68987309058102
N Deposition,Tundra,SSP3-7.0 (2080-2099),0.6611529911486073,0.09305031734307466,37.811101048011594
N Deposition,Tundra,SSP5-8.5 (2080-2099),0.5876899787131173,0.08271117237720986,39.848124244774745
N Deposition,Wetlands,Present day (2000-2020),0.048514050290056836,0.16700266088139548,3.0579352455990683
N Deposition,Wetlands,SSP1-2.6 (2080-2099),0.025477113859158365,0.0877013108701368,3.3770504606453433
N Deposition,Wetlands,SSP3-7.0 (2080-2099),0.04862358577358156,0.16737972107530197,2.7807653290769263
N Deposition,Wetlands,SSP5-8.5 (2080-2099),0.04301886267895039,0.14808626557713978,2.916879727391984
N Deposition,Barren,Present day (2000-2020),0.0311290804841886,0.045510807234398966,1.9621266789015177
N Deposition,Barren,SSP1-2.6 (2080-2099),0.01619369861722913,0.02367523501232253,2.1465122649756867
N Deposition,Barren,SSP3-7.0 (2080-2099),0.03161179856005648,0.04621654248123806,1.8078673554620894
N Deposition,Barren,SSP5-8.5 (2080-2099),0.03237353041636799,0.0473301966958077,2.195076501216223
