unit,Variable,Biome,mean,contrib,sd_years,sd_runs,sd
Tg_yr,N Deposition,Barren,0.032658998013801434,0.032658998013801434,0.001595859144560942,NA,0.001595859144560942
Tg_yr,N Deposition,Pan-Arctic,1.664469392571806,1.664469392571806,0.0885609505686897,NA,0.72881118485552
Tg_yr,N Deposition,Taiga,0.9426632885461408,0.9426632885461408,0.05196161582984228,NA,0.05196161582984228
Tg_yr,N Deposition,Tundra,0.6382487098042017,0.6382487098042017,0.037903363347226084,NA,0.037903363347226084
Tg_yr,N Deposition,Wetlands,0.05089839620766196,0.05089839620766196,0.003307122926538846,NA,0.003307122926538846
Tg_yr,N Fixation,Barren,0.045022065499070556,0.045022065499070556,0.009698364394194057,NA,0.009698364394194057
Tg_yr,N Fixation,Pan-Arctic,3.015222663656507,3.015222663656507,0.5408043109851945,NA,1.048277961823478
Tg_yr,N Fixation,Taiga,1.7034198056031982,1.7034198056031982,0.27476882697190474,NA,0.27476882697190474
Tg_yr,N Fixation,Tundra,1.1926819387567789,1.1926819387567789,0.2714380789997828,NA,0.2714380789997828
Tg_yr,N Fixation,Wetlands,0.07409885379745959,0.07409885379745959,0.02582532346718923,NA,0.02582532346718923
Tg_yr,Total inorg. due to permafrost thaw,Barren,0.08788431810185338,0.08788431810185338,0.5044555446316783,0.016882766705956072,0.016882766705956072
Tg_yr,Total inorg. due to permafrost thaw,Pan-Arctic,4.718884300516269,4.718884300516269,4.513959951946253,1.6956978613004774,1.6956978613004774
Tg_yr,Total inorg. due to permafrost thaw,Taiga,2.191754091712836,2.191754091712836,1.5479618264348531,0.6768950333911722,0.6768950333911722
Tg_yr,Total inorg. due to permafrost thaw,Tundra,2.09602435250103,2.09602435250103,3.095836993139346,0.8891976413033289,0.8891976413033289
Tg_yr,Total inorg. due to permafrost thaw,Wetlands,0.3432215382005495,0.3432215382005495,0.6071503987156376,0.11272241990002016,0.11272241990002016
g_m2_yr,N Deposition,Barren,0.04774755116295922,0.0026240530419510454,0.0023331507635844318,NA,0.0023331507635844318
g_m2_yr,N Deposition,Pan-Arctic,0.13373514922186897,0.13373514922186897,0.007115608128566926,NA,0.058557804064283465
g_m2_yr,N Deposition,Taiga,0.21590048620729546,0.07574018250038639,0.011900896383779164,NA,0.011900896383779164
g_m2_yr,N Deposition,Tundra,0.08982678107212469,0.05128137941572149,0.005334499026771409,NA,0.005334499026771409
g_m2_yr,N Deposition,Wetlands,0.1752104297714522,0.004089534263810039,0.011384296410869887,NA,0.011384296410869887
g_m2_yr,N Fixation,Barren,0.06582239219251373,0.0036173886252673687,0.014179037272151827,NA,0.014179037272151827
g_m2_yr,N Fixation,Pan-Arctic,0.24226414415359504,0.24226414415359504,0.04345201272682344,NA,0.08422600636341172
g_m2_yr,N Fixation,Taiga,0.39013841815360417,0.13686469868805487,0.06293097870538467,NA,0.06293097870538467
g_m2_yr,N Fixation,Tundra,0.16785741632638507,0.09582843503503123,0.038202049643676586,NA,0.038202049643676586
g_m2_yr,N Fixation,Wetlands,0.25507467792217936,0.005953621805241558,0.08889997251017596,NA,0.08889997251017596
g_m2_yr,Total inorg. due to permafrost thaw,Barren,0.12864923102920475,0.007063568877499394,0.7384459401513576,0.024713794238575365,0.024713794238575365
g_m2_yr,Total inorg. due to permafrost thaw,Pan-Arctic,0.3792731741175594,0.3792731741175594,0.36280269016701633,0.1362891457477411,0.1362891457477411
g_m2_yr,Total inorg. due to permafrost thaw,Taiga,0.5019828180404108,0.17615891348684484,0.3545334957013773,0.15503093055193795,0.15503093055193795
g_m2_yr,Total inorg. due to permafrost thaw,Tundra,0.29512778875325346,0.16846478077748056,0.43590501467004655,0.12520223504527778,0.12520223504527778
g_m2_yr,Total inorg. due to permafrost thaw,Wetlands,1.1814909249711318,0.027585910975734634,2.0900281781150225,0.38803076535027875,0.38803076535027875
