panel,group,Variable,Biome,area_Mkm2,area_pct,flux_pct,density,pan_density,intensity
Present day,Present day,N Deposition,Barren,0.6839931518652539,5.4956808842305795,1.962126678901517,0.04774755116295922,0.13373514922186897,0.3570306792251392
Present day,Present day,N Deposition,Taiga,4.366193449148025,35.08106157188928,56.6344621747362,0.21590048620729546,0.13373514922186897,1.6143884944496736
Present day,Present day,N Deposition,Tundra,7.105327633767792,57.089187437925546,38.34547590076321,0.08982678107212469,0.13373514922186897,0.671676680325084
Present day,Present day,N Deposition,Wetlands,0.2904986665123426,2.3340701059546016,3.057935245599068,0.1752104297714522,0.13373514922186897,1.3101299904393497
Present day,Present day,N Fixation,Barren,0.6839931518652539,5.4956808842305795,1.4931588980719948,0.06582239219251373,0.24226414415359504,0.27169679781743705
Present day,Present day,N Fixation,Taiga,4.366193449148025,35.08106157188928,56.49399714770952,0.39013841815360417,0.24226414415359504,1.6103844814371586
Present day,Present day,N Fixation,Tundra,7.105327633767792,57.089187437925546,39.55535201869417,0.16785741632638507,0.24226414415359504,0.692869417027572
Present day,Present day,N Fixation,Wetlands,0.2904986665123426,2.3340701059546016,2.4574919355242977,0.25507467792217936,0.24226414415359504,1.0528783729566784
Present day,Present day,Total inorg. due to permafrost thaw,Barren,0.6839931518652539,5.4956808842305795,1.8623961196132401,0.12864923102920475,0.3792731741175594,0.33919939454860754
Present day,Present day,Total inorg. due to permafrost thaw,Taiga,4.366193449148025,35.08106157188928,46.446446916976704,0.5019828180404108,0.3792731741175594,1.3235389484330267
Present day,Present day,Total inorg. due to permafrost thaw,Tundra,7.105327633767792,57.089187437925546,44.41779494936367,0.29512778875325346,0.3792731741175594,0.7781404246158884
Present day,Present day,Total inorg. due to permafrost thaw,Wetlands,0.2904986665123426,2.3340701059546016,7.273362014046402,1.1814909249711318,0.3792731741175594,3.115144981503272
Future anomaly,SSP1-2.6,N Deposition,Barren,0.6839931518652539,5.4956808842305795,1.7949500081128196,-0.021835572222076435,-0.06685497440860358,0.32661103254070517
Future anomaly,SSP1-2.6,N Deposition,Taiga,4.366193449148025,35.08106157188928,57.40322488722102,-0.10939495439561651,-0.06685497440860358,1.6363023898119757
Future anomaly,SSP1-2.6,N Deposition,Tundra,7.105327633767792,57.089187437925546,38.03322169017886,-0.044539258253383715,-0.06685497440860358,0.6662070944963513
Future anomaly,SSP1-2.6,N Deposition,Wetlands,0.2904986665123426,2.3340701059546016,2.768603414487302,-0.07930135001125868,-0.06685497440860358,1.1861697758881107
Future anomaly,SSP1-2.6,N Fixation,Barren,0.6839931518652539,5.4956808842305795,1.2912288177960625,0.039312340950777104,0.16731974821186965,0.23495338339260236
Future anomaly,SSP1-2.6,N Fixation,Taiga,4.366193449148025,35.08106157188928,54.61407824650678,0.26048281926427264,0.16731974821186965,1.5567966247142249
Future anomaly,SSP1-2.6,N Fixation,Tundra,7.105327633767792,57.089187437925546,40.513828299336154,0.11873988498285074,0.16731974821186965,0.7096585205979131
Future anomaly,SSP1-2.6,N Fixation,Wetlands,0.2904986665123426,2.3340701059546016,3.580864636360981,0.25669724650008535,0.16731974821186965,1.534171843093147
Future anomaly,SSP1-2.6,Total inorg. due to permafrost thaw,Barren,0.6839931518652539,5.4956808842305795,-0.04060668243584867,-0.002462925427342638,0.3330203270915309,-0.007395721002537185
Future anomaly,SSP1-2.6,Total inorg. due to permafrost thaw,Taiga,4.366193449148025,35.08106157188928,48.76227691594491,0.46274203142451364,0.3330203270915309,1.3895308897985936
Future anomaly,SSP1-2.6,Total inorg. due to permafrost thaw,Tundra,7.105327633767792,57.089187437925546,34.84671113516571,0.20329819419917888,0.3330203270915309,0.6104678233148879
Future anomaly,SSP1-2.6,Total inorg. due to permafrost thaw,Wetlands,0.2904986665123426,2.3340701059546016,16.431618631325197,2.343657526606881,0.3330203270915309,7.0375810001613655
Future anomaly,SSP3-7.0,N Deposition,Barren,0.6839931518652539,5.4956808842305795,NA,7.057352468390968e-4,0.013021960726713383,NA
Future anomaly,SSP3-7.0,N Deposition,Taiga,4.366193449148025,35.08106157188928,NA,0.02489034544550431,0.013021960726713383,NA
Future anomaly,SSP3-7.0,N Deposition,Tundra,7.105327633767792,57.089187437925546,NA,0.0074314904443370244,0.013021960726713383,NA
Future anomaly,SSP3-7.0,N Deposition,Wetlands,0.2904986665123426,2.3340701059546016,NA,3.770601939064866e-4,0.013021960726713383,NA
Future anomaly,SSP3-7.0,N Fixation,Barren,0.6839931518652539,5.4956808842305795,1.5103117133229087,0.08581077144649979,0.312245884170532,0.2748179425149269
Future anomaly,SSP3-7.0,N Fixation,Taiga,4.366193449148025,35.08106157188928,56.49685036337563,0.502861321867723,0.312245884170532,1.6104658135160144
Future anomaly,SSP3-7.0,N Fixation,Tundra,7.105327633767792,57.089187437925546,37.35322590620343,0.20430122713492335,0.312245884170532,0.6542959811228286
Future anomaly,SSP3-7.0,N Fixation,Wetlands,0.2904986665123426,2.3340701059546016,4.6396120170980355,0.6206753399527848,0.312245884170532,1.9877774901711918
Future anomaly,SSP3-7.0,Total inorg. due to permafrost thaw,Barren,0.6839931518652539,5.4956808842305795,1.177842113733356,0.2690120323850973,1.2540117817915362,0.2145211363172162
Future anomaly,SSP3-7.0,Total inorg. due to permafrost thaw,Taiga,4.366193449148025,35.08106157188928,33.44880946788567,1.195271352701368,1.2540117817915362,0.9531579926575738
Future anomaly,SSP3-7.0,Total inorg. due to permafrost thaw,Tundra,7.105327633767792,57.089187437925546,55.14150592186356,1.2113822955829134,1.2540117817915362,0.9660055138016962
Future anomaly,SSP3-7.0,Total inorg. due to permafrost thaw,Wetlands,0.2904986665123426,2.3340701059546016,10.231842496517427,5.495390047779001,1.2540117817915362,4.382247541508778
Future anomaly,SSP5-8.5,N Deposition,Barren,0.6839931518652539,5.4956808842305795,NA,0.0018193894614087353,-0.008972534432364301,NA
Future anomaly,SSP5-8.5,N Deposition,Taiga,4.366193449148025,35.08106157188928,NA,-0.019871245883356425,-0.008972534432364301,NA
Future anomaly,SSP5-8.5,N Deposition,Tundra,7.105327633767792,57.089187437925546,NA,-0.002907654521527775,-0.008972534432364301,NA
Future anomaly,SSP5-8.5,N Deposition,Wetlands,0.2904986665123426,2.3340701059546016,NA,-0.018916395304255706,-0.008972534432364301,NA
Future anomaly,SSP5-8.5,N Fixation,Barren,0.6839931518652539,5.4956808842305795,1.6569523667044477,0.15170462166292642,0.5031648501644067,0.3015008334015336
Future anomaly,SSP5-8.5,N Fixation,Taiga,4.366193449148025,35.08106157188928,51.905467032813434,0.7444759471933428,0.5031648501644067,1.4795865548837301
Future anomaly,SSP5-8.5,N Fixation,Tundra,7.105327633767792,57.089187437925546,43.25157043114422,0.3812047592904443,0.5031648501644067,0.7576140486877958
Future anomaly,SSP5-8.5,N Fixation,Wetlands,0.2904986665123426,2.3340701059546016,3.1860101693378713,0.6868209851055563,0.5031648501644067,1.3650019171274401
Future anomaly,SSP5-8.5,Total inorg. due to permafrost thaw,Barren,0.6839931518652539,5.4956808842305795,1.1046787340132618,0.334667392704201,1.6633911879139358,0.20119584324833922
Future anomaly,SSP5-8.5,Total inorg. due to permafrost thaw,Taiga,4.366193449148025,35.08106157188928,31.531191024544306,1.4945794320166246,1.6633911879139358,0.8985134963297368
Future anomaly,SSP5-8.5,Total inorg. due to permafrost thaw,Tundra,7.105327633767792,57.089187437925546,58.16907028810199,1.695069469435649,1.6633911879139358,1.0190443966229261
Future anomaly,SSP5-8.5,Total inorg. due to permafrost thaw,Wetlands,0.2904986665123426,2.3340701059546016,9.19505995334043,6.550765022964414,1.6633911879139358,3.938198705488965
